{  
   "Find":{  
      "Status":"Success",
      "Result":[  
         {  
            "Light":{  
               "sid":"Simulated__DEVNET002__lBellzone01n0001",
               "deviceState":{  
                  "connState":{  
                     "since":"2016-12-20T05:35:46.907Z",
                     "connected":true
                  },
                  "batteryPercentage":100.0
               },
               "label":"lBellzone01n0001",
               "geocoordinates":{  
                  "latitude":53.52575134,
                  "longitude":157.6150482
               },
               "thirdPartyId":"lBellzone01n0001",
               "lightZoneId":null,
               "sensorCustomerId":"SDPCustomer_500050",
               "state":{  
                  "powerConsumption":0.059000000000000004,
                  "intensityLevel":59.0,
                  "reliability":100.0
               },
               "providerDetails":{  
                  "provider":"simulated",
                  "providerId":"kai7ujmonusoeskxdhgjgzcw4n4kew36"
               },
               "deviceType":"Light",
               "createTime":"2016-12-20T05:35:46.907Z",
               "lastUpdated":"2016-12-20T05:35:46.907Z"
            }
         }
      ]
   }
}


// return from change intensityLevel
{  
   "Find":{  
      "Status":"Success",
      "Format":"version",
      "Result":[  
         {  
            "Light":{  
               "sid":"Simulated__DEVNET002__lBellzone01n0001",
               "deviceState":{  
                  "connState":{  
                     "since":{  
                        "Value":"2016-12-20T05:35:46.907Z",
                        "Version":1
                     },
                     "connected":{  
                        "Value":true,
                        "Version":1
                     }
                  },
                  "batteryPercentage":{  
                     "Value":100.0000000000,
                     "Version":1
                  }
               },
               "label":{  
                  "Value":"lBellzone01n0001",
                  "Version":1
               },
               "geocoordinates":{  
                  "latitude":{  
                     "Value":53.52575134,
                     "Version":1
                  },
                  "longitude":{  
                     "Value":157.6150482,
                     "Version":1
                  }
               },
               "thirdPartyId":{  
                  "Value":"lBellzone01n0001",
                  "Version":1
               },
               "lightZoneId":{  
                  "Value":null,
                  "Version":2
               },
               "sensorCustomerId":{  
                  "Value":"SDPCustomer_500050",
                  "Version":1
               },
               "state":{  
                  "powerConsumption":{  
                     "Value":0.059000000000000004,
                     "Version":1
                  },
                  "intensityLevel":{  
                     "Version":2,
                     "Value":"100"
                  },
                  "reliability":{  
                     "Value":100.0,
                     "Version":1
                  }
               },
               "providerDetails":{  
                  "provider":{  
                     "Value":"simulated",
                     "Version":1
                  },
                  "providerId":{  
                     "Value":"kai7ujmonusoeskxdhgjgzcw4n4kew36",
                     "Version":1
                  }
               },
               "deviceType":{  
                  "Value":"Light",
                  "Version":1
               },
               "createTime":{  
                  "Value":"2016-12-20T05:35:46.907Z",
                  "Version":1
               },
               "lastUpdated":{  
                  "Value":"2016-12-20T05:35:46.907Z",
                  "Version":1
               }
            }
         }
      ]
   },
   "Update":{  
      "Status":"Success",
      "Format":"version",
      "Light":{  
         "sid":"Simulated__DEVNET002__lBellzone01n0001",
         "deviceType":{  
            "Status":"Success_NoAction:1:1482241325270;",
            "Value":"Light",
            "Version":1
         },
         "thirdPartyId":{  
            "Status":"Success_NoAction:1:1482241325275;",
            "Value":"lBellzone01n0001",
            "Version":1
         },
         "label":{  
            "Status":"Success_NoAction:1:1482241325276;",
            "Value":"lBellzone01n0001",
            "Version":1
         },
         "createTime":{  
            "Status":"Success_NoAction:1:1482241325275;",
            "Value":"2016-12-20T05:35:46.907Z",
            "Version":1
         },
         "lastUpdated":{  
            "Status":"Success_NoAction:1:1482241325269;",
            "Value":"2016-12-20T05:35:46.907Z",
            "Version":1
         },
         "sensorCustomerId":{  
            "Status":"Success_NoAction:1:1482241325276;",
            "Value":"SDPCustomer_500050",
            "Version":1
         },
         "lightZoneId":{  
            "Status":"Success=Updated:3:1490283840662;",
            "Value":null,
            "Version":3
         },
         "geocoordinates":{  
            "latitude":{  
               "Status":"Success_NoAction:1:1482241325277;",
               "Value":53.52575134,
               "Version":1
            },
            "longitude":{  
               "Status":"Success_NoAction:1:1482241325277;",
               "Value":157.6150482,
               "Version":1
            }
         },
         "deviceState":{  
            "connState":{  
               "connected":{  
                  "Status":"Success_NoAction:1:1482241325279;",
                  "Value":true,
                  "Version":1
               },
               "since":{  
                  "Status":"Success_NoAction:1:1482241325279;",
                  "Value":"2016-12-20T05:35:46.907Z",
                  "Version":1
               }
            },
            "batteryPercentage":{  
               "Status":"Success_NoAction:1:1482241325287;",
               "Value":100.0000000000,
               "Version":1
            }
         },
         "providerDetails":{  
            "provider":{  
               "Status":"Success_NoAction:1:1482241325290;",
               "Value":"simulated",
               "Version":1
            },
            "providerId":{  
               "Status":"Success_NoAction:1:1482241325290;",
               "Value":"kai7ujmonusoeskxdhgjgzcw4n4kew36",
               "Version":1
            }
         },
         "state":{  
            "intensityLevel":{  
               "Status":"Success=Updated:3:1490283840663;",
               "Value":100.0,
               "Version":3
            },
            "powerConsumption":{  
               "Status":"Success_NoAction:1:1482241325278;",
               "Value":0.059000000000000004,
               "Version":1
            },
            "reliability":{  
               "Status":"Success_NoAction:1:1482241325278;",
               "Value":100.0,
               "Version":1
            }
         }
      }
   }
}