{  
   "Find":{  
      "Status":"Success",
      "Result":[  
         {  
            "ParkingSpot":{  
               "sid":"Simulated__DEVNET002__pspotz001n001",
               "providerDetails":{  
                  "provider":"simulated",
                  "providerId":"kvt7gvsfwkqoa2wikma5btvdz3lnqkot"
               },
               "opParams":{  
                  "zoneType":"ValidParking",
                  "maxDurationMinutes":295
               },
               "ancestor":[  
                  {  
                     "entityId":"Simulated__DEVNET002__spacez001",
                     "entityType":"ParkingSpace"
                  }
               ],
               "hierId":"parking_hierarchy_sid",
               "thirdPartyId":"pspotz001n001",
               "parent":{  
                  "entityType":"ParkingSpace",
                  "entityId":"Simulated__DEVNET002__spacez001"
               },
               "state":{  
                  "reliability":100.0,
                  "prevExpectedRevenue":0.0,
                  "occupied":false
               },
               "sensorCustomerId":"SDPCustomer_500050",
               "parkingSpaceId":"Simulated__DEVNET002__spacez001",
               "lastUpdated":"2016-11-25T09:20:00.025Z",
               "geocoordinates":{  
                  "longitude":-121.9279211,
                  "latitude":37.40634865
               },
               "label":"PT001_001"
            }
         }
      ]
   }
}